Annee;Subdivision;Sexe;Age quinquennal 80;Population
1983;Iles Du Vent;Homme;Moins de 5 ans;7 851
1983;Iles Du Vent;Homme;5-9 ans;7 455
1983;Iles Du Vent;Homme;10-14 ans;7 573
1983;Iles Du Vent;Homme;15-19 ans;7 375
1983;Iles Du Vent;Homme;20-24 ans;6 117
1983;Iles Du Vent;Homme;25-29 ans;5 251
1983;Iles Du Vent;Homme;30-34 ans;4 468
1983;Iles Du Vent;Homme;35-39 ans;3 960
1983;Iles Du Vent;Homme;40-44 ans;3 434
1983;Iles Du Vent;Homme;45-49 ans;2 703
1983;Iles Du Vent;Homme;50-54 ans;2 216
1983;Iles Du Vent;Homme;55-59 ans;1 542
1983;Iles Du Vent;Homme;60-64 ans;1 035
1983;Iles Du Vent;Homme;65-69 ans;755
1983;Iles Du Vent;Homme;70-74 ans;484
1983;Iles Du Vent;Homme;75-79 ans;237
1983;Iles Du Vent;Homme;80 ans et plus;166
1983;Iles Du Vent;Femme;Moins de 5 ans;7 321
1983;Iles Du Vent;Femme;5-9 ans;7 317
1983;Iles Du Vent;Femme;10-14 ans;7 520
1983;Iles Du Vent;Femme;15-19 ans;7 268
1983;Iles Du Vent;Femme;20-24 ans;5 759
1983;Iles Du Vent;Femme;25-29 ans;5 265
1983;Iles Du Vent;Femme;30-34 ans;4 504
1983;Iles Du Vent;Femme;35-39 ans;3 663
1983;Iles Du Vent;Femme;40-44 ans;3 011
1983;Iles Du Vent;Femme;45-49 ans;2 480
1983;Iles Du Vent;Femme;50-54 ans;1 962
1983;Iles Du Vent;Femme;55-59 ans;1 482
1983;Iles Du Vent;Femme;60-64 ans;978
1983;Iles Du Vent;Femme;65-69 ans;783
1983;Iles Du Vent;Femme;70-74 ans;569
1983;Iles Du Vent;Femme;75-79 ans;357
1983;Iles Du Vent;Femme;80 ans et plus;208
1983;Iles Sous-Le-Vent;Homme;Moins de 5 ans;1 356
1983;Iles Sous-Le-Vent;Homme;5-9 ans;1 356
1983;Iles Sous-Le-Vent;Homme;10-14 ans;1 422
1983;Iles Sous-Le-Vent;Homme;15-19 ans;1 263
1983;Iles Sous-Le-Vent;Homme;20-24 ans;777
1983;Iles Sous-Le-Vent;Homme;25-29 ans;637
1983;Iles Sous-Le-Vent;Homme;30-34 ans;532
1983;Iles Sous-Le-Vent;Homme;35-39 ans;474
1983;Iles Sous-Le-Vent;Homme;40-44 ans;435
1983;Iles Sous-Le-Vent;Homme;45-49 ans;416
1983;Iles Sous-Le-Vent;Homme;50-54 ans;341
1983;Iles Sous-Le-Vent;Homme;55-59 ans;297
1983;Iles Sous-Le-Vent;Homme;60-64 ans;229
1983;Iles Sous-Le-Vent;Homme;65-69 ans;164
1983;Iles Sous-Le-Vent;Homme;70-74 ans;142
1983;Iles Sous-Le-Vent;Homme;75-79 ans;56
1983;Iles Sous-Le-Vent;Homme;80 ans et plus;34
1983;Iles Sous-Le-Vent;Femme;Moins de 5 ans;1 280
1983;Iles Sous-Le-Vent;Femme;5-9 ans;1 259
1983;Iles Sous-Le-Vent;Femme;10-14 ans;1 315
1983;Iles Sous-Le-Vent;Femme;15-19 ans;1 141
1983;Iles Sous-Le-Vent;Femme;20-24 ans;775
1983;Iles Sous-Le-Vent;Femme;25-29 ans;606
1983;Iles Sous-Le-Vent;Femme;30-34 ans;484
1983;Iles Sous-Le-Vent;Femme;35-39 ans;421
1983;Iles Sous-Le-Vent;Femme;40-44 ans;413
1983;Iles Sous-Le-Vent;Femme;45-49 ans;345
1983;Iles Sous-Le-Vent;Femme;50-54 ans;287
1983;Iles Sous-Le-Vent;Femme;55-59 ans;275
1983;Iles Sous-Le-Vent;Femme;60-64 ans;207
1983;Iles Sous-Le-Vent;Femme;65-69 ans;159
1983;Iles Sous-Le-Vent;Femme;70-74 ans;116
1983;Iles Sous-Le-Vent;Femme;75-79 ans;63
1983;Iles Sous-Le-Vent;Femme;80 ans et plus;28
1983;Marquises;Homme;Moins de 5 ans;509
1983;Marquises;Homme;5-9 ans;504
1983;Marquises;Homme;10-14 ans;501
1983;Marquises;Homme;15-19 ans;474
1983;Marquises;Homme;20-24 ans;301
1983;Marquises;Homme;25-29 ans;279
1983;Marquises;Homme;30-34 ans;177
1983;Marquises;Homme;35-39 ans;147
1983;Marquises;Homme;40-44 ans;149
1983;Marquises;Homme;45-49 ans;120
1983;Marquises;Homme;50-54 ans;115
1983;Marquises;Homme;55-59 ans;66
1983;Marquises;Homme;60-64 ans;43
1983;Marquises;Homme;65-69 ans;38
1983;Marquises;Homme;70-74 ans;33
1983;Marquises;Homme;75-79 ans;17
1983;Marquises;Homme;80 ans et plus;6
1983;Marquises;Femme;Moins de 5 ans;511
1983;Marquises;Femme;5-9 ans;443
1983;Marquises;Femme;10-14 ans;480
1983;Marquises;Femme;15-19 ans;398
1983;Marquises;Femme;20-24 ans;274
1983;Marquises;Femme;25-29 ans;215
1983;Marquises;Femme;30-34 ans;156
1983;Marquises;Femme;35-39 ans;112
1983;Marquises;Femme;40-44 ans;115
1983;Marquises;Femme;45-49 ans;114
1983;Marquises;Femme;50-54 ans;77
1983;Marquises;Femme;55-59 ans;59
1983;Marquises;Femme;60-64 ans;42
1983;Marquises;Femme;65-69 ans;40
1983;Marquises;Femme;70-74 ans;22
1983;Marquises;Femme;75-79 ans;4
1983;Marquises;Femme;80 ans et plus;7
1983;Australes;Homme;Moins de 5 ans;397
1983;Australes;Homme;5-9 ans;480
1983;Australes;Homme;10-14 ans;517
1983;Australes;Homme;15-19 ans;404
1983;Australes;Homme;20-24 ans;278
1983;Australes;Homme;25-29 ans;215
1983;Australes;Homme;30-34 ans;177
1983;Australes;Homme;35-39 ans;144
1983;Australes;Homme;40-44 ans;122
1983;Australes;Homme;45-49 ans;130
1983;Australes;Homme;50-54 ans;112
1983;Australes;Homme;55-59 ans;92
1983;Australes;Homme;60-64 ans;65
1983;Australes;Homme;65-69 ans;60
1983;Australes;Homme;70-74 ans;36
1983;Australes;Homme;75-79 ans;21
1983;Australes;Homme;80 ans et plus;14
1983;Australes;Femme;Moins de 5 ans;392
1983;Australes;Femme;5-9 ans;438
1983;Australes;Femme;10-14 ans;454
1983;Australes;Femme;15-19 ans;417
1983;Australes;Femme;20-24 ans;274
1983;Australes;Femme;25-29 ans;215
1983;Australes;Femme;30-34 ans;141
1983;Australes;Femme;35-39 ans;124
1983;Australes;Femme;40-44 ans;117
1983;Australes;Femme;45-49 ans;98
1983;Australes;Femme;50-54 ans;113
1983;Australes;Femme;55-59 ans;74
1983;Australes;Femme;60-64 ans;54
1983;Australes;Femme;65-69 ans;50
1983;Australes;Femme;70-74 ans;26
1983;Australes;Femme;75-79 ans;23
1983;Australes;Femme;80 ans et plus;9
1983;Tuamotu-Gambier;Homme;Moins de 5 ans;626
1983;Tuamotu-Gambier;Homme;5-9 ans;662
1983;Tuamotu-Gambier;Homme;10-14 ans;565
1983;Tuamotu-Gambier;Homme;15-19 ans;631
1983;Tuamotu-Gambier;Homme;20-24 ans;1 141
1983;Tuamotu-Gambier;Homme;25-29 ans;1 113
1983;Tuamotu-Gambier;Homme;30-34 ans;790
1983;Tuamotu-Gambier;Homme;35-39 ans;540
1983;Tuamotu-Gambier;Homme;40-44 ans;427
1983;Tuamotu-Gambier;Homme;45-49 ans;394
1983;Tuamotu-Gambier;Homme;50-54 ans;278
1983;Tuamotu-Gambier;Homme;55-59 ans;176
1983;Tuamotu-Gambier;Homme;60-64 ans;108
1983;Tuamotu-Gambier;Homme;65-69 ans;88
1983;Tuamotu-Gambier;Homme;70-74 ans;51
1983;Tuamotu-Gambier;Homme;75-79 ans;32
1983;Tuamotu-Gambier;Homme;80 ans et plus;12
1983;Tuamotu-Gambier;Femme;Moins de 5 ans;723
1983;Tuamotu-Gambier;Femme;5-9 ans;613
1983;Tuamotu-Gambier;Femme;10-14 ans;509
1983;Tuamotu-Gambier;Femme;15-19 ans;422
1983;Tuamotu-Gambier;Femme;20-24 ans;382
1983;Tuamotu-Gambier;Femme;25-29 ans;288
1983;Tuamotu-Gambier;Femme;30-34 ans;226
1983;Tuamotu-Gambier;Femme;35-39 ans;165
1983;Tuamotu-Gambier;Femme;40-44 ans;164
1983;Tuamotu-Gambier;Femme;45-49 ans;153
1983;Tuamotu-Gambier;Femme;50-54 ans;145
1983;Tuamotu-Gambier;Femme;55-59 ans;109
1983;Tuamotu-Gambier;Femme;60-64 ans;96
1983;Tuamotu-Gambier;Femme;65-69 ans;78
1983;Tuamotu-Gambier;Femme;70-74 ans;48
1983;Tuamotu-Gambier;Femme;75-79 ans;24
1983;Tuamotu-Gambier;Femme;80 ans et plus;14
1988;Iles Du Vent;Homme;Moins de 5 ans;8 814
1988;Iles Du Vent;Homme;5-9 ans;8 260
1988;Iles Du Vent;Homme;10-14 ans;7 550
1988;Iles Du Vent;Homme;15-19 ans;7 633
1988;Iles Du Vent;Homme;20-24 ans;7 516
1988;Iles Du Vent;Homme;25-29 ans;6 417
1988;Iles Du Vent;Homme;30-34 ans;5 644
1988;Iles Du Vent;Homme;35-39 ans;4 718
1988;Iles Du Vent;Homme;40-44 ans;4 038
1988;Iles Du Vent;Homme;45-49 ans;3 338
1988;Iles Du Vent;Homme;50-54 ans;2 594
1988;Iles Du Vent;Homme;55-59 ans;2 030
1988;Iles Du Vent;Homme;60-64 ans;1 427
1988;Iles Du Vent;Homme;65-69 ans;807
1988;Iles Du Vent;Homme;70-74 ans;585
1988;Iles Du Vent;Homme;75-79 ans;348
1988;Iles Du Vent;Homme;80 ans et plus;199
1988;Iles Du Vent;Femme;Moins de 5 ans;8 431
1988;Iles Du Vent;Femme;5-9 ans;7 710
1988;Iles Du Vent;Femme;10-14 ans;7 256
1988;Iles Du Vent;Femme;15-19 ans;7 358
1988;Iles Du Vent;Femme;20-24 ans;7 222
1988;Iles Du Vent;Femme;25-29 ans;6 177
1988;Iles Du Vent;Femme;30-34 ans;5 489
1988;Iles Du Vent;Femme;35-39 ans;4 504
1988;Iles Du Vent;Femme;40-44 ans;3 607
1988;Iles Du Vent;Femme;45-49 ans;2 920
1988;Iles Du Vent;Femme;50-54 ans;2 311
1988;Iles Du Vent;Femme;55-59 ans;1 814
1988;Iles Du Vent;Femme;60-64 ans;1 344
1988;Iles Du Vent;Femme;65-69 ans;851
1988;Iles Du Vent;Femme;70-74 ans;650
1988;Iles Du Vent;Femme;75-79 ans;431
1988;Iles Du Vent;Femme;80 ans et plus;348
1988;Iles Sous-Le-Vent;Homme;Moins de 5 ans;1 480
1988;Iles Sous-Le-Vent;Homme;5-9 ans;1 508
1988;Iles Sous-Le-Vent;Homme;10-14 ans;1 405
1988;Iles Sous-Le-Vent;Homme;15-19 ans;1 317
1988;Iles Sous-Le-Vent;Homme;20-24 ans;1 086
1988;Iles Sous-Le-Vent;Homme;25-29 ans;837
1988;Iles Sous-Le-Vent;Homme;30-34 ans;714
1988;Iles Sous-Le-Vent;Homme;35-39 ans;572
1988;Iles Sous-Le-Vent;Homme;40-44 ans;529
1988;Iles Sous-Le-Vent;Homme;45-49 ans;487
1988;Iles Sous-Le-Vent;Homme;50-54 ans;452
1988;Iles Sous-Le-Vent;Homme;55-59 ans;364
1988;Iles Sous-Le-Vent;Homme;60-64 ans;273
1988;Iles Sous-Le-Vent;Homme;65-69 ans;207
1988;Iles Sous-Le-Vent;Homme;70-74 ans;124
1988;Iles Sous-Le-Vent;Homme;75-79 ans;109
1988;Iles Sous-Le-Vent;Homme;80 ans et plus;42
1988;Iles Sous-Le-Vent;Femme;Moins de 5 ans;1 431
1988;Iles Sous-Le-Vent;Femme;5-9 ans;1 443
1988;Iles Sous-Le-Vent;Femme;10-14 ans;1 331
1988;Iles Sous-Le-Vent;Femme;15-19 ans;1 249
1988;Iles Sous-Le-Vent;Femme;20-24 ans;916
1988;Iles Sous-Le-Vent;Femme;25-29 ans;838
1988;Iles Sous-Le-Vent;Femme;30-34 ans;684
1988;Iles Sous-Le-Vent;Femme;35-39 ans;535
1988;Iles Sous-Le-Vent;Femme;40-44 ans;445
1988;Iles Sous-Le-Vent;Femme;45-49 ans;448
1988;Iles Sous-Le-Vent;Femme;50-54 ans;369
1988;Iles Sous-Le-Vent;Femme;55-59 ans;289
1988;Iles Sous-Le-Vent;Femme;60-64 ans;275
1988;Iles Sous-Le-Vent;Femme;65-69 ans;181
1988;Iles Sous-Le-Vent;Femme;70-74 ans;145
1988;Iles Sous-Le-Vent;Femme;75-79 ans;84
1988;Iles Sous-Le-Vent;Femme;80 ans et plus;63
1988;Marquises;Homme;Moins de 5 ans;620
1988;Marquises;Homme;5-9 ans;547
1988;Marquises;Homme;10-14 ans;500
1988;Marquises;Homme;15-19 ans;460
1988;Marquises;Homme;20-24 ans;339
1988;Marquises;Homme;25-29 ans;316
1988;Marquises;Homme;30-34 ans;288
1988;Marquises;Homme;35-39 ans;187
1988;Marquises;Homme;40-44 ans;148
1988;Marquises;Homme;45-49 ans;134
1988;Marquises;Homme;50-54 ans;126
1988;Marquises;Homme;55-59 ans;107
1988;Marquises;Homme;60-64 ans;67
1988;Marquises;Homme;65-69 ans;41
1988;Marquises;Homme;70-74 ans;23
1988;Marquises;Homme;75-79 ans;18
1988;Marquises;Homme;80 ans et plus;16
1988;Marquises;Femme;Moins de 5 ans;584
1988;Marquises;Femme;5-9 ans;526
1988;Marquises;Femme;10-14 ans;438
1988;Marquises;Femme;15-19 ans;396
1988;Marquises;Femme;20-24 ans;290
1988;Marquises;Femme;25-29 ans;265
1988;Marquises;Femme;30-34 ans;220
1988;Marquises;Femme;35-39 ans;150
1988;Marquises;Femme;40-44 ans;112
1988;Marquises;Femme;45-49 ans;105
1988;Marquises;Femme;50-54 ans;118
1988;Marquises;Femme;55-59 ans;75
1988;Marquises;Femme;60-64 ans;57
1988;Marquises;Femme;65-69 ans;42
1988;Marquises;Femme;70-74 ans;29
1988;Marquises;Femme;75-79 ans;11
1988;Marquises;Femme;80 ans et plus;3
1988;Australes;Homme;Moins de 5 ans;462
1988;Australes;Homme;5-9 ans;402
1988;Australes;Homme;10-14 ans;469
1988;Australes;Homme;15-19 ans;443
1988;Australes;Homme;20-24 ans;288
1988;Australes;Homme;25-29 ans;265
1988;Australes;Homme;30-34 ans;197
1988;Australes;Homme;35-39 ans;168
1988;Australes;Homme;40-44 ans;131
1988;Australes;Homme;45-49 ans;113
1988;Australes;Homme;50-54 ans;130
1988;Australes;Homme;55-59 ans;108
1988;Australes;Homme;60-64 ans;86
1988;Australes;Homme;65-69 ans;54
1988;Australes;Homme;70-74 ans;37
1988;Australes;Homme;75-79 ans;25
1988;Australes;Homme;80 ans et plus;18
1988;Australes;Femme;Moins de 5 ans;418
1988;Australes;Femme;5-9 ans;394
1988;Australes;Femme;10-14 ans;427
1988;Australes;Femme;15-19 ans;388
1988;Australes;Femme;20-24 ans;286
1988;Australes;Femme;25-29 ans;223
1988;Australes;Femme;30-34 ans;190
1988;Australes;Femme;35-39 ans;142
1988;Australes;Femme;40-44 ans;119
1988;Australes;Femme;45-49 ans;114
1988;Australes;Femme;50-54 ans;112
1988;Australes;Femme;55-59 ans;98
1988;Australes;Femme;60-64 ans;71
1988;Australes;Femme;65-69 ans;48
1988;Australes;Femme;70-74 ans;41
1988;Australes;Femme;75-79 ans;27
1988;Australes;Femme;80 ans et plus;15
1988;Tuamotu-Gambier;Homme;Moins de 5 ans;843
1988;Tuamotu-Gambier;Homme;5-9 ans;659
1988;Tuamotu-Gambier;Homme;10-14 ans;602
1988;Tuamotu-Gambier;Homme;15-19 ans;651
1988;Tuamotu-Gambier;Homme;20-24 ans;947
1988;Tuamotu-Gambier;Homme;25-29 ans;900
1988;Tuamotu-Gambier;Homme;30-34 ans;841
1988;Tuamotu-Gambier;Homme;35-39 ans;530
1988;Tuamotu-Gambier;Homme;40-44 ans;403
1988;Tuamotu-Gambier;Homme;45-49 ans;368
1988;Tuamotu-Gambier;Homme;50-54 ans;296
1988;Tuamotu-Gambier;Homme;55-59 ans;203
1988;Tuamotu-Gambier;Homme;60-64 ans;139
1988;Tuamotu-Gambier;Homme;65-69 ans;92
1988;Tuamotu-Gambier;Homme;70-74 ans;65
1988;Tuamotu-Gambier;Homme;75-79 ans;34
1988;Tuamotu-Gambier;Homme;80 ans et plus;15
1988;Tuamotu-Gambier;Femme;Moins de 5 ans;813
1988;Tuamotu-Gambier;Femme;5-9 ans;733
1988;Tuamotu-Gambier;Femme;10-14 ans;554
1988;Tuamotu-Gambier;Femme;15-19 ans;523
1988;Tuamotu-Gambier;Femme;20-24 ans;419
1988;Tuamotu-Gambier;Femme;25-29 ans;376
1988;Tuamotu-Gambier;Femme;30-34 ans;293
1988;Tuamotu-Gambier;Femme;35-39 ans;193
1988;Tuamotu-Gambier;Femme;40-44 ans;149
1988;Tuamotu-Gambier;Femme;45-49 ans;179
1988;Tuamotu-Gambier;Femme;50-54 ans;152
1988;Tuamotu-Gambier;Femme;55-59 ans;125
1988;Tuamotu-Gambier;Femme;60-64 ans;83
1988;Tuamotu-Gambier;Femme;65-69 ans;83
1988;Tuamotu-Gambier;Femme;70-74 ans;61
1988;Tuamotu-Gambier;Femme;75-79 ans;27
1988;Tuamotu-Gambier;Femme;80 ans et plus;23
1996;Iles Du Vent;Homme;Moins de 5 ans;8 292
1996;Iles Du Vent;Homme;5-9 ans;9 634
1996;Iles Du Vent;Homme;10-14 ans;8 951
1996;Iles Du Vent;Homme;15-19 ans;7 716
1996;Iles Du Vent;Homme;20-24 ans;7 177
1996;Iles Du Vent;Homme;25-29 ans;7 617
1996;Iles Du Vent;Homme;30-34 ans;7 197
1996;Iles Du Vent;Homme;35-39 ans;6 117
1996;Iles Du Vent;Homme;40-44 ans;5 455
1996;Iles Du Vent;Homme;45-49 ans;4 139
1996;Iles Du Vent;Homme;50-54 ans;3 529
1996;Iles Du Vent;Homme;55-59 ans;2 567
1996;Iles Du Vent;Homme;60-64 ans;1 978
1996;Iles Du Vent;Homme;65-69 ans;1 296
1996;Iles Du Vent;Homme;70-74 ans;798
1996;Iles Du Vent;Homme;75-79 ans;392
1996;Iles Du Vent;Homme;80 ans et plus;296
1996;Iles Du Vent;Femme;Moins de 5 ans;7 734
1996;Iles Du Vent;Femme;5-9 ans;9 003
1996;Iles Du Vent;Femme;10-14 ans;8 661
1996;Iles Du Vent;Femme;15-19 ans;7 533
1996;Iles Du Vent;Femme;20-24 ans;7 012
1996;Iles Du Vent;Femme;25-29 ans;7 450
1996;Iles Du Vent;Femme;30-34 ans;7 000
1996;Iles Du Vent;Femme;35-39 ans;5 785
1996;Iles Du Vent;Femme;40-44 ans;5 163
1996;Iles Du Vent;Femme;45-49 ans;3 690
1996;Iles Du Vent;Femme;50-54 ans;3 049
1996;Iles Du Vent;Femme;55-59 ans;2 331
1996;Iles Du Vent;Femme;60-64 ans;1 867
1996;Iles Du Vent;Femme;65-69 ans;1 292
1996;Iles Du Vent;Femme;70-74 ans;933
1996;Iles Du Vent;Femme;75-79 ans;488
1996;Iles Du Vent;Femme;80 ans et plus;544
1996;Iles Sous-Le-Vent;Homme;Moins de 5 ans;1 486
1996;Iles Sous-Le-Vent;Homme;5-9 ans;1 729
1996;Iles Sous-Le-Vent;Homme;10-14 ans;1 644
1996;Iles Sous-Le-Vent;Homme;15-19 ans;1 389
1996;Iles Sous-Le-Vent;Homme;20-24 ans;1 168
1996;Iles Sous-Le-Vent;Homme;25-29 ans;1 210
1996;Iles Sous-Le-Vent;Homme;30-34 ans;1 079
1996;Iles Sous-Le-Vent;Homme;35-39 ans;916
1996;Iles Sous-Le-Vent;Homme;40-44 ans;757
1996;Iles Sous-Le-Vent;Homme;45-49 ans;559
1996;Iles Sous-Le-Vent;Homme;50-54 ans;547
1996;Iles Sous-Le-Vent;Homme;55-59 ans;470
1996;Iles Sous-Le-Vent;Homme;60-64 ans;375
1996;Iles Sous-Le-Vent;Homme;65-69 ans;287
1996;Iles Sous-Le-Vent;Homme;70-74 ans;169
1996;Iles Sous-Le-Vent;Homme;75-79 ans;101
1996;Iles Sous-Le-Vent;Homme;80 ans et plus;73
1996;Iles Sous-Le-Vent;Femme;Moins de 5 ans;1 457
1996;Iles Sous-Le-Vent;Femme;5-9 ans;1 603
1996;Iles Sous-Le-Vent;Femme;10-14 ans;1 554
1996;Iles Sous-Le-Vent;Femme;15-19 ans;1 284
1996;Iles Sous-Le-Vent;Femme;20-24 ans;1 098
1996;Iles Sous-Le-Vent;Femme;25-29 ans;1 068
1996;Iles Sous-Le-Vent;Femme;30-34 ans;996
1996;Iles Sous-Le-Vent;Femme;35-39 ans;831
1996;Iles Sous-Le-Vent;Femme;40-44 ans;680
1996;Iles Sous-Le-Vent;Femme;45-49 ans;482
1996;Iles Sous-Le-Vent;Femme;50-54 ans;489
1996;Iles Sous-Le-Vent;Femme;55-59 ans;409
1996;Iles Sous-Le-Vent;Femme;60-64 ans;318
1996;Iles Sous-Le-Vent;Femme;65-69 ans;222
1996;Iles Sous-Le-Vent;Femme;70-74 ans;191
1996;Iles Sous-Le-Vent;Femme;75-79 ans;105
1996;Iles Sous-Le-Vent;Femme;80 ans et plus;92
1996;Marquises;Homme;Moins de 5 ans;466
1996;Marquises;Homme;5-9 ans;626
1996;Marquises;Homme;10-14 ans;586
1996;Marquises;Homme;15-19 ans;458
1996;Marquises;Homme;20-24 ans;323
1996;Marquises;Homme;25-29 ans;319
1996;Marquises;Homme;30-34 ans;327
1996;Marquises;Homme;35-39 ans;263
1996;Marquises;Homme;40-44 ans;257
1996;Marquises;Homme;45-49 ans;158
1996;Marquises;Homme;50-54 ans;122
1996;Marquises;Homme;55-59 ans;125
1996;Marquises;Homme;60-64 ans;107
1996;Marquises;Homme;65-69 ans;69
1996;Marquises;Homme;70-74 ans;44
1996;Marquises;Homme;75-79 ans;28
1996;Marquises;Homme;80 ans et plus;9
1996;Marquises;Femme;Moins de 5 ans;422
1996;Marquises;Femme;5-9 ans;602
1996;Marquises;Femme;10-14 ans;588
1996;Marquises;Femme;15-19 ans;358
1996;Marquises;Femme;20-24 ans;262
1996;Marquises;Femme;25-29 ans;276
1996;Marquises;Femme;30-34 ans;304
1996;Marquises;Femme;35-39 ans;222
1996;Marquises;Femme;40-44 ans;186
1996;Marquises;Femme;45-49 ans;139
1996;Marquises;Femme;50-54 ans;104
1996;Marquises;Femme;55-59 ans;101
1996;Marquises;Femme;60-64 ans;88
1996;Marquises;Femme;65-69 ans;54
1996;Marquises;Femme;70-74 ans;40
1996;Marquises;Femme;75-79 ans;23
1996;Marquises;Femme;80 ans et plus;8
1996;Australes;Homme;Moins de 5 ans;380
1996;Australes;Homme;5-9 ans;494
1996;Australes;Homme;10-14 ans;422
1996;Australes;Homme;15-19 ans;335
1996;Australes;Homme;20-24 ans;268
1996;Australes;Homme;25-29 ans;253
1996;Australes;Homme;30-34 ans;242
1996;Australes;Homme;35-39 ans;211
1996;Australes;Homme;40-44 ans;193
1996;Australes;Homme;45-49 ans;134
1996;Australes;Homme;50-54 ans;114
1996;Australes;Homme;55-59 ans;103
1996;Australes;Homme;60-64 ans;115
1996;Australes;Homme;65-69 ans;80
1996;Australes;Homme;70-74 ans;61
1996;Australes;Homme;75-79 ans;26
1996;Australes;Homme;80 ans et plus;13
1996;Australes;Femme;Moins de 5 ans;333
1996;Australes;Femme;5-9 ans;443
1996;Australes;Femme;10-14 ans;400
1996;Australes;Femme;15-19 ans;294
1996;Australes;Femme;20-24 ans;237
1996;Australes;Femme;25-29 ans;254
1996;Australes;Femme;30-34 ans;229
1996;Australes;Femme;35-39 ans;186
1996;Australes;Femme;40-44 ans;171
1996;Australes;Femme;45-49 ans;97
1996;Australes;Femme;50-54 ans;127
1996;Australes;Femme;55-59 ans;99
1996;Australes;Femme;60-64 ans;81
1996;Australes;Femme;65-69 ans;79
1996;Australes;Femme;70-74 ans;40
1996;Australes;Femme;75-79 ans;31
1996;Australes;Femme;80 ans et plus;18
1996;Tuamotu-Gambier;Homme;Moins de 5 ans;888
1996;Tuamotu-Gambier;Homme;5-9 ans;990
1996;Tuamotu-Gambier;Homme;10-14 ans;789
1996;Tuamotu-Gambier;Homme;15-19 ans;724
1996;Tuamotu-Gambier;Homme;20-24 ans;1 042
1996;Tuamotu-Gambier;Homme;25-29 ans;1 078
1996;Tuamotu-Gambier;Homme;30-34 ans;914
1996;Tuamotu-Gambier;Homme;35-39 ans;683
1996;Tuamotu-Gambier;Homme;40-44 ans;597
1996;Tuamotu-Gambier;Homme;45-49 ans;294
1996;Tuamotu-Gambier;Homme;50-54 ans;282
1996;Tuamotu-Gambier;Homme;55-59 ans;244
1996;Tuamotu-Gambier;Homme;60-64 ans;198
1996;Tuamotu-Gambier;Homme;65-69 ans;138
1996;Tuamotu-Gambier;Homme;70-74 ans;77
1996;Tuamotu-Gambier;Homme;75-79 ans;34
1996;Tuamotu-Gambier;Homme;80 ans et plus;19
1996;Tuamotu-Gambier;Femme;Moins de 5 ans;834
1996;Tuamotu-Gambier;Femme;5-9 ans;903
1996;Tuamotu-Gambier;Femme;10-14 ans;731
1996;Tuamotu-Gambier;Femme;15-19 ans;570
1996;Tuamotu-Gambier;Femme;20-24 ans;611
1996;Tuamotu-Gambier;Femme;25-29 ans;625
1996;Tuamotu-Gambier;Femme;30-34 ans;517
1996;Tuamotu-Gambier;Femme;35-39 ans;351
1996;Tuamotu-Gambier;Femme;40-44 ans;296
1996;Tuamotu-Gambier;Femme;45-49 ans;210
1996;Tuamotu-Gambier;Femme;50-54 ans;189
1996;Tuamotu-Gambier;Femme;55-59 ans;172
1996;Tuamotu-Gambier;Femme;60-64 ans;152
1996;Tuamotu-Gambier;Femme;65-69 ans;82
1996;Tuamotu-Gambier;Femme;70-74 ans;61
1996;Tuamotu-Gambier;Femme;75-79 ans;49
1996;Tuamotu-Gambier;Femme;80 ans et plus;26
2002;Iles Du Vent;Homme;Moins de 5 ans;8 592
2002;Iles Du Vent;Homme;5-9 ans;9 024
2002;Iles Du Vent;Homme;10-14 ans;9 912
2002;Iles Du Vent;Homme;15-19 ans;9 124
2002;Iles Du Vent;Homme;20-24 ans;7 416
2002;Iles Du Vent;Homme;25-29 ans;7 492
2002;Iles Du Vent;Homme;30-34 ans;8 105
2002;Iles Du Vent;Homme;35-39 ans;7 864
2002;Iles Du Vent;Homme;40-44 ans;6 504
2002;Iles Du Vent;Homme;45-49 ans;5 646
2002;Iles Du Vent;Homme;50-54 ans;4 225
2002;Iles Du Vent;Homme;55-59 ans;3 302
2002;Iles Du Vent;Homme;60-64 ans;2 524
2002;Iles Du Vent;Homme;65-69 ans;1 808
2002;Iles Du Vent;Homme;70-74 ans;1 096
2002;Iles Du Vent;Homme;75-79 ans;590
2002;Iles Du Vent;Homme;80 ans et plus;350
2002;Iles Du Vent;Femme;Moins de 5 ans;8 224
2002;Iles Du Vent;Femme;5-9 ans;8 365
2002;Iles Du Vent;Femme;10-14 ans;9 269
2002;Iles Du Vent;Femme;15-19 ans;9 462
2002;Iles Du Vent;Femme;20-24 ans;7 313
2002;Iles Du Vent;Femme;25-29 ans;7 344
2002;Iles Du Vent;Femme;30-34 ans;7 717
2002;Iles Du Vent;Femme;35-39 ans;7 683
2002;Iles Du Vent;Femme;40-44 ans;6 104
2002;Iles Du Vent;Femme;45-49 ans;5 215
2002;Iles Du Vent;Femme;50-54 ans;3 848
2002;Iles Du Vent;Femme;55-59 ans;2 978
2002;Iles Du Vent;Femme;60-64 ans;2 299
2002;Iles Du Vent;Femme;65-69 ans;1 732
2002;Iles Du Vent;Femme;70-74 ans;1 199
2002;Iles Du Vent;Femme;75-79 ans;800
2002;Iles Du Vent;Femme;80 ans et plus;678
2002;Iles Sous-Le-Vent;Homme;Moins de 5 ans;1 457
2002;Iles Sous-Le-Vent;Homme;5-9 ans;1 667
2002;Iles Sous-Le-Vent;Homme;10-14 ans;1 757
2002;Iles Sous-Le-Vent;Homme;15-19 ans;1 546
2002;Iles Sous-Le-Vent;Homme;20-24 ans;1 151
2002;Iles Sous-Le-Vent;Homme;25-29 ans;1 202
2002;Iles Sous-Le-Vent;Homme;30-34 ans;1 258
2002;Iles Sous-Le-Vent;Homme;35-39 ans;1 288
2002;Iles Sous-Le-Vent;Homme;40-44 ans;1 012
2002;Iles Sous-Le-Vent;Homme;45-49 ans;807
2002;Iles Sous-Le-Vent;Homme;50-54 ans;654
2002;Iles Sous-Le-Vent;Homme;55-59 ans;591
2002;Iles Sous-Le-Vent;Homme;60-64 ans;464
2002;Iles Sous-Le-Vent;Homme;65-69 ans;373
2002;Iles Sous-Le-Vent;Homme;70-74 ans;231
2002;Iles Sous-Le-Vent;Homme;75-79 ans;138
2002;Iles Sous-Le-Vent;Homme;80 ans et plus;89
2002;Iles Sous-Le-Vent;Femme;Moins de 5 ans;1 441
2002;Iles Sous-Le-Vent;Femme;5-9 ans;1 610
2002;Iles Sous-Le-Vent;Femme;10-14 ans;1 659
2002;Iles Sous-Le-Vent;Femme;15-19 ans;1 439
2002;Iles Sous-Le-Vent;Femme;20-24 ans;1 088
2002;Iles Sous-Le-Vent;Femme;25-29 ans;1 158
2002;Iles Sous-Le-Vent;Femme;30-34 ans;1 164
2002;Iles Sous-Le-Vent;Femme;35-39 ans;1 087
2002;Iles Sous-Le-Vent;Femme;40-44 ans;932
2002;Iles Sous-Le-Vent;Femme;45-49 ans;734
2002;Iles Sous-Le-Vent;Femme;50-54 ans;564
2002;Iles Sous-Le-Vent;Femme;55-59 ans;492
2002;Iles Sous-Le-Vent;Femme;60-64 ans;438
2002;Iles Sous-Le-Vent;Femme;65-69 ans;316
2002;Iles Sous-Le-Vent;Femme;70-74 ans;204
2002;Iles Sous-Le-Vent;Femme;75-79 ans;150
2002;Iles Sous-Le-Vent;Femme;80 ans et plus;142
2002;Marquises;Homme;Moins de 5 ans;399
2002;Marquises;Homme;5-9 ans;493
2002;Marquises;Homme;10-14 ans;614
2002;Marquises;Homme;15-19 ans;485
2002;Marquises;Homme;20-24 ans;349
2002;Marquises;Homme;25-29 ans;319
2002;Marquises;Homme;30-34 ans;339
2002;Marquises;Homme;35-39 ans;360
2002;Marquises;Homme;40-44 ans;297
2002;Marquises;Homme;45-49 ans;271
2002;Marquises;Homme;50-54 ans;170
2002;Marquises;Homme;55-59 ans;136
2002;Marquises;Homme;60-64 ans;119
2002;Marquises;Homme;65-69 ans;104
2002;Marquises;Homme;70-74 ans;46
2002;Marquises;Homme;75-79 ans;39
2002;Marquises;Homme;80 ans et plus;22
2002;Marquises;Femme;Moins de 5 ans;408
2002;Marquises;Femme;5-9 ans;454
2002;Marquises;Femme;10-14 ans;566
2002;Marquises;Femme;15-19 ans;445
2002;Marquises;Femme;20-24 ans;273
2002;Marquises;Femme;25-29 ans;284
2002;Marquises;Femme;30-34 ans;294
2002;Marquises;Femme;35-39 ans;293
2002;Marquises;Femme;40-44 ans;247
2002;Marquises;Femme;45-49 ans;199
2002;Marquises;Femme;50-54 ans;138
2002;Marquises;Femme;55-59 ans;116
2002;Marquises;Femme;60-64 ans;95
2002;Marquises;Femme;65-69 ans;74
2002;Marquises;Femme;70-74 ans;51
2002;Marquises;Femme;75-79 ans;30
2002;Marquises;Femme;80 ans et plus;19
2002;Australes;Homme;Moins de 5 ans;330
2002;Australes;Homme;5-9 ans;322
2002;Australes;Homme;10-14 ans;478
2002;Australes;Homme;15-19 ans;301
2002;Australes;Homme;20-24 ans;220
2002;Australes;Homme;25-29 ans;206
2002;Australes;Homme;30-34 ans;214
2002;Australes;Homme;35-39 ans;252
2002;Australes;Homme;40-44 ans;196
2002;Australes;Homme;45-49 ans;185
2002;Australes;Homme;50-54 ans;134
2002;Australes;Homme;55-59 ans;110
2002;Australes;Homme;60-64 ans;111
2002;Australes;Homme;65-69 ans;83
2002;Australes;Homme;70-74 ans;69
2002;Australes;Homme;75-79 ans;55
2002;Australes;Homme;80 ans et plus;14
2002;Australes;Femme;Moins de 5 ans;285
2002;Australes;Femme;5-9 ans;335
2002;Australes;Femme;10-14 ans;402
2002;Australes;Femme;15-19 ans;285
2002;Australes;Femme;20-24 ans;198
2002;Australes;Femme;25-29 ans;216
2002;Australes;Femme;30-34 ans;236
2002;Australes;Femme;35-39 ans;243
2002;Australes;Femme;40-44 ans;173
2002;Australes;Femme;45-49 ans;162
2002;Australes;Femme;50-54 ans;105
2002;Australes;Femme;55-59 ans;115
2002;Australes;Femme;60-64 ans;97
2002;Australes;Femme;65-69 ans;68
2002;Australes;Femme;70-74 ans;68
2002;Australes;Femme;75-79 ans;32
2002;Australes;Femme;80 ans et plus;29
2002;Tuamotu-Gambier;Homme;Moins de 5 ans;927
2002;Tuamotu-Gambier;Homme;5-9 ans;932
2002;Tuamotu-Gambier;Homme;10-14 ans;892
2002;Tuamotu-Gambier;Homme;15-19 ans;830
2002;Tuamotu-Gambier;Homme;20-24 ans;816
2002;Tuamotu-Gambier;Homme;25-29 ans;803
2002;Tuamotu-Gambier;Homme;30-34 ans;830
2002;Tuamotu-Gambier;Homme;35-39 ans;684
2002;Tuamotu-Gambier;Homme;40-44 ans;517
2002;Tuamotu-Gambier;Homme;45-49 ans;397
2002;Tuamotu-Gambier;Homme;50-54 ans;263
2002;Tuamotu-Gambier;Homme;55-59 ans;267
2002;Tuamotu-Gambier;Homme;60-64 ans;234
2002;Tuamotu-Gambier;Homme;65-69 ans;154
2002;Tuamotu-Gambier;Homme;70-74 ans;100
2002;Tuamotu-Gambier;Homme;75-79 ans;48
2002;Tuamotu-Gambier;Homme;80 ans et plus;18
2002;Tuamotu-Gambier;Femme;Moins de 5 ans;841
2002;Tuamotu-Gambier;Femme;5-9 ans;857
2002;Tuamotu-Gambier;Femme;10-14 ans;737
2002;Tuamotu-Gambier;Femme;15-19 ans;657
2002;Tuamotu-Gambier;Femme;20-24 ans;646
2002;Tuamotu-Gambier;Femme;25-29 ans;668
2002;Tuamotu-Gambier;Femme;30-34 ans;655
2002;Tuamotu-Gambier;Femme;35-39 ans;513
2002;Tuamotu-Gambier;Femme;40-44 ans;380
2002;Tuamotu-Gambier;Femme;45-49 ans;318
2002;Tuamotu-Gambier;Femme;50-54 ans;220
2002;Tuamotu-Gambier;Femme;55-59 ans;202
2002;Tuamotu-Gambier;Femme;60-64 ans;167
2002;Tuamotu-Gambier;Femme;65-69 ans;121
2002;Tuamotu-Gambier;Femme;70-74 ans;68
2002;Tuamotu-Gambier;Femme;75-79 ans;45
2002;Tuamotu-Gambier;Femme;80 ans et plus;39
2007;Iles Du Vent;Homme;Moins de 5 ans;7 522
2007;Iles Du Vent;Homme;5-9 ans;8 744
2007;Iles Du Vent;Homme;10-14 ans;9 022
2007;Iles Du Vent;Homme;15-19 ans;10 027
2007;Iles Du Vent;Homme;20-24 ans;8 445
2007;Iles Du Vent;Homme;25-29 ans;7 649
2007;Iles Du Vent;Homme;30-34 ans;7 724
2007;Iles Du Vent;Homme;35-39 ans;8 071
2007;Iles Du Vent;Homme;40-44 ans;7 767
2007;Iles Du Vent;Homme;45-49 ans;6 339
2007;Iles Du Vent;Homme;50-54 ans;5 508
2007;Iles Du Vent;Homme;55-59 ans;3 892
2007;Iles Du Vent;Homme;60-64 ans;3 019
2007;Iles Du Vent;Homme;65-69 ans;2 200
2007;Iles Du Vent;Homme;70-74 ans;1 507
2007;Iles Du Vent;Homme;75-79 ans;875
2007;Iles Du Vent;Homme;80 ans et plus;578
2007;Iles Du Vent;Femme;Moins de 5 ans;7 188
2007;Iles Du Vent;Femme;5-9 ans;8 441
2007;Iles Du Vent;Femme;10-14 ans;8 414
2007;Iles Du Vent;Femme;15-19 ans;9 714
2007;Iles Du Vent;Femme;20-24 ans;8 597
2007;Iles Du Vent;Femme;25-29 ans;7 603
2007;Iles Du Vent;Femme;30-34 ans;7 454
2007;Iles Du Vent;Femme;35-39 ans;7 747
2007;Iles Du Vent;Femme;40-44 ans;7 464
2007;Iles Du Vent;Femme;45-49 ans;5 917
2007;Iles Du Vent;Femme;50-54 ans;5 075
2007;Iles Du Vent;Femme;55-59 ans;3 694
2007;Iles Du Vent;Femme;60-64 ans;2 832
2007;Iles Du Vent;Femme;65-69 ans;2 082
2007;Iles Du Vent;Femme;70-74 ans;1 569
2007;Iles Du Vent;Femme;75-79 ans;1 029
2007;Iles Du Vent;Femme;80 ans et plus;974
2007;Iles Sous-Le-Vent;Homme;Moins de 5 ans;1 328
2007;Iles Sous-Le-Vent;Homme;5-9 ans;1 524
2007;Iles Sous-Le-Vent;Homme;10-14 ans;1 741
2007;Iles Sous-Le-Vent;Homme;15-19 ans;1 601
2007;Iles Sous-Le-Vent;Homme;20-24 ans;1 395
2007;Iles Sous-Le-Vent;Homme;25-29 ans;1 288
2007;Iles Sous-Le-Vent;Homme;30-34 ans;1 307
2007;Iles Sous-Le-Vent;Homme;35-39 ans;1 415
2007;Iles Sous-Le-Vent;Homme;40-44 ans;1 363
2007;Iles Sous-Le-Vent;Homme;45-49 ans;1 030
2007;Iles Sous-Le-Vent;Homme;50-54 ans;835
2007;Iles Sous-Le-Vent;Homme;55-59 ans;681
2007;Iles Sous-Le-Vent;Homme;60-64 ans;590
2007;Iles Sous-Le-Vent;Homme;65-69 ans;437
2007;Iles Sous-Le-Vent;Homme;70-74 ans;328
2007;Iles Sous-Le-Vent;Homme;75-79 ans;198
2007;Iles Sous-Le-Vent;Homme;80 ans et plus;118
2007;Iles Sous-Le-Vent;Femme;Moins de 5 ans;1 186
2007;Iles Sous-Le-Vent;Femme;5-9 ans;1 533
2007;Iles Sous-Le-Vent;Femme;10-14 ans;1 666
2007;Iles Sous-Le-Vent;Femme;15-19 ans;1 577
2007;Iles Sous-Le-Vent;Femme;20-24 ans;1 319
2007;Iles Sous-Le-Vent;Femme;25-29 ans;1 258
2007;Iles Sous-Le-Vent;Femme;30-34 ans;1 216
2007;Iles Sous-Le-Vent;Femme;35-39 ans;1 237
2007;Iles Sous-Le-Vent;Femme;40-44 ans;1 143
2007;Iles Sous-Le-Vent;Femme;45-49 ans;939
2007;Iles Sous-Le-Vent;Femme;50-54 ans;748
2007;Iles Sous-Le-Vent;Femme;55-59 ans;599
2007;Iles Sous-Le-Vent;Femme;60-64 ans;486
2007;Iles Sous-Le-Vent;Femme;65-69 ans;430
2007;Iles Sous-Le-Vent;Femme;70-74 ans;292
2007;Iles Sous-Le-Vent;Femme;75-79 ans;181
2007;Iles Sous-Le-Vent;Femme;80 ans et plus;176
2007;Marquises;Homme;Moins de 5 ans;423
2007;Marquises;Homme;5-9 ans;403
2007;Marquises;Homme;10-14 ans;487
2007;Marquises;Homme;15-19 ans;498
2007;Marquises;Homme;20-24 ans;336
2007;Marquises;Homme;25-29 ans;331
2007;Marquises;Homme;30-34 ans;319
2007;Marquises;Homme;35-39 ans;332
2007;Marquises;Homme;40-44 ans;351
2007;Marquises;Homme;45-49 ans;288
2007;Marquises;Homme;50-54 ans;258
2007;Marquises;Homme;55-59 ans;176
2007;Marquises;Homme;60-64 ans;122
2007;Marquises;Homme;65-69 ans;110
2007;Marquises;Homme;70-74 ans;80
2007;Marquises;Homme;75-79 ans;33
2007;Marquises;Homme;80 ans et plus;37
2007;Marquises;Femme;Moins de 5 ans;368
2007;Marquises;Femme;5-9 ans;440
2007;Marquises;Femme;10-14 ans;457
2007;Marquises;Femme;15-19 ans;417
2007;Marquises;Femme;20-24 ans;320
2007;Marquises;Femme;25-29 ans;295
2007;Marquises;Femme;30-34 ans;278
2007;Marquises;Femme;35-39 ans;297
2007;Marquises;Femme;40-44 ans;278
2007;Marquises;Femme;45-49 ans;230
2007;Marquises;Femme;50-54 ans;194
2007;Marquises;Femme;55-59 ans;151
2007;Marquises;Femme;60-64 ans;112
2007;Marquises;Femme;65-69 ans;91
2007;Marquises;Femme;70-74 ans;66
2007;Marquises;Femme;75-79 ans;46
2007;Marquises;Femme;80 ans et plus;34
2007;Australes;Homme;Moins de 5 ans;258
2007;Australes;Homme;5-9 ans;337
2007;Australes;Homme;10-14 ans;320
2007;Australes;Homme;15-19 ans;396
2007;Australes;Homme;20-24 ans;252
2007;Australes;Homme;25-29 ans;185
2007;Australes;Homme;30-34 ans;198
2007;Australes;Homme;35-39 ans;211
2007;Australes;Homme;40-44 ans;236
2007;Australes;Homme;45-49 ans;206
2007;Australes;Homme;50-54 ans;186
2007;Australes;Homme;55-59 ans;132
2007;Australes;Homme;60-64 ans;111
2007;Australes;Homme;65-69 ans;100
2007;Australes;Homme;70-74 ans;85
2007;Australes;Homme;75-79 ans;58
2007;Australes;Homme;80 ans et plus;40
2007;Australes;Femme;Moins de 5 ans;250
2007;Australes;Femme;5-9 ans;289
2007;Australes;Femme;10-14 ans;295
2007;Australes;Femme;15-19 ans;296
2007;Australes;Femme;20-24 ans;198
2007;Australes;Femme;25-29 ans;185
2007;Australes;Femme;30-34 ans;200
2007;Australes;Femme;35-39 ans;239
2007;Australes;Femme;40-44 ans;219
2007;Australes;Femme;45-49 ans;175
2007;Australes;Femme;50-54 ans;162
2007;Australes;Femme;55-59 ans;118
2007;Australes;Femme;60-64 ans;113
2007;Australes;Femme;65-69 ans;94
2007;Australes;Femme;70-74 ans;63
2007;Australes;Femme;75-79 ans;62
2007;Australes;Femme;80 ans et plus;35
2007;Tuamotu-Gambier;Homme;Moins de 5 ans;728
2007;Tuamotu-Gambier;Homme;5-9 ans;931
2007;Tuamotu-Gambier;Homme;10-14 ans;893
2007;Tuamotu-Gambier;Homme;15-19 ans;906
2007;Tuamotu-Gambier;Homme;20-24 ans;941
2007;Tuamotu-Gambier;Homme;25-29 ans;805
2007;Tuamotu-Gambier;Homme;30-34 ans;737
2007;Tuamotu-Gambier;Homme;35-39 ans;771
2007;Tuamotu-Gambier;Homme;40-44 ans;598
2007;Tuamotu-Gambier;Homme;45-49 ans;514
2007;Tuamotu-Gambier;Homme;50-54 ans;396
2007;Tuamotu-Gambier;Homme;55-59 ans;253
2007;Tuamotu-Gambier;Homme;60-64 ans;230
2007;Tuamotu-Gambier;Homme;65-69 ans;201
2007;Tuamotu-Gambier;Homme;70-74 ans;129
2007;Tuamotu-Gambier;Homme;75-79 ans;73
2007;Tuamotu-Gambier;Homme;80 ans et plus;40
2007;Tuamotu-Gambier;Femme;Moins de 5 ans;701
2007;Tuamotu-Gambier;Femme;5-9 ans;833
2007;Tuamotu-Gambier;Femme;10-14 ans;808
2007;Tuamotu-Gambier;Femme;15-19 ans;719
2007;Tuamotu-Gambier;Femme;20-24 ans;769
2007;Tuamotu-Gambier;Femme;25-29 ans;668
2007;Tuamotu-Gambier;Femme;30-34 ans;675
2007;Tuamotu-Gambier;Femme;35-39 ans;600
2007;Tuamotu-Gambier;Femme;40-44 ans;466
2007;Tuamotu-Gambier;Femme;45-49 ans;375
2007;Tuamotu-Gambier;Femme;50-54 ans;321
2007;Tuamotu-Gambier;Femme;55-59 ans;224
2007;Tuamotu-Gambier;Femme;60-64 ans;205
2007;Tuamotu-Gambier;Femme;65-69 ans;171
2007;Tuamotu-Gambier;Femme;70-74 ans;111
2007;Tuamotu-Gambier;Femme;75-79 ans;60
2007;Tuamotu-Gambier;Femme;80 ans et plus;44
2012;Iles Du Vent;Homme;Moins de 5 ans;7 618
2012;Iles Du Vent;Homme;5-9 ans;8 239
2012;Iles Du Vent;Homme;10-14 ans;8 814
2012;Iles Du Vent;Homme;15-19 ans;8 799
2012;Iles Du Vent;Homme;20-24 ans;8 659
2012;Iles Du Vent;Homme;25-29 ans;8 190
2012;Iles Du Vent;Homme;30-34 ans;7 697
2012;Iles Du Vent;Homme;35-39 ans;7 504
2012;Iles Du Vent;Homme;40-44 ans;7 960
2012;Iles Du Vent;Homme;45-49 ans;7 352
2012;Iles Du Vent;Homme;50-54 ans;6 072
2012;Iles Du Vent;Homme;55-59 ans;4 956
2012;Iles Du Vent;Homme;60-64 ans;3 492
2012;Iles Du Vent;Homme;65-69 ans;2 597
2012;Iles Du Vent;Homme;70-74 ans;1 780
2012;Iles Du Vent;Homme;75-79 ans;1 141
2012;Iles Du Vent;Homme;80 ans et plus;869
2012;Iles Du Vent;Femme;Moins de 5 ans;7 172
2012;Iles Du Vent;Femme;5-9 ans;7 782
2012;Iles Du Vent;Femme;10-14 ans;8 300
2012;Iles Du Vent;Femme;15-19 ans;8 448
2012;Iles Du Vent;Femme;20-24 ans;8 572
2012;Iles Du Vent;Femme;25-29 ans;8 461
2012;Iles Du Vent;Femme;30-34 ans;7 644
2012;Iles Du Vent;Femme;35-39 ans;7 426
2012;Iles Du Vent;Femme;40-44 ans;7 582
2012;Iles Du Vent;Femme;45-49 ans;7 053
2012;Iles Du Vent;Femme;50-54 ans;5 563
2012;Iles Du Vent;Femme;55-59 ans;4 677
2012;Iles Du Vent;Femme;60-64 ans;3 356
2012;Iles Du Vent;Femme;65-69 ans;2 502
2012;Iles Du Vent;Femme;70-74 ans;1 823
2012;Iles Du Vent;Femme;75-79 ans;1 325
2012;Iles Du Vent;Femme;80 ans et plus;1 289
2012;Iles Sous-Le-Vent;Homme;Moins de 5 ans;1 397
2012;Iles Sous-Le-Vent;Homme;5-9 ans;1 525
2012;Iles Sous-Le-Vent;Homme;10-14 ans;1 565
2012;Iles Sous-Le-Vent;Homme;15-19 ans;1 608
2012;Iles Sous-Le-Vent;Homme;20-24 ans;1 341
2012;Iles Sous-Le-Vent;Homme;25-29 ans;1 414
2012;Iles Sous-Le-Vent;Homme;30-34 ans;1 237
2012;Iles Sous-Le-Vent;Homme;35-39 ans;1 295
2012;Iles Sous-Le-Vent;Homme;40-44 ans;1 352
2012;Iles Sous-Le-Vent;Homme;45-49 ans;1 311
2012;Iles Sous-Le-Vent;Homme;50-54 ans;1 027
2012;Iles Sous-Le-Vent;Homme;55-59 ans;795
2012;Iles Sous-Le-Vent;Homme;60-64 ans;654
2012;Iles Sous-Le-Vent;Homme;65-69 ans;523
2012;Iles Sous-Le-Vent;Homme;70-74 ans;386
2012;Iles Sous-Le-Vent;Homme;75-79 ans;242
2012;Iles Sous-Le-Vent;Homme;80 ans et plus;187
2012;Iles Sous-Le-Vent;Femme;Moins de 5 ans;1 372
2012;Iles Sous-Le-Vent;Femme;5-9 ans;1 302
2012;Iles Sous-Le-Vent;Femme;10-14 ans;1 512
2012;Iles Sous-Le-Vent;Femme;15-19 ans;1 512
2012;Iles Sous-Le-Vent;Femme;20-24 ans;1 422
2012;Iles Sous-Le-Vent;Femme;25-29 ans;1 333
2012;Iles Sous-Le-Vent;Femme;30-34 ans;1 222
2012;Iles Sous-Le-Vent;Femme;35-39 ans;1 200
2012;Iles Sous-Le-Vent;Femme;40-44 ans;1 213
2012;Iles Sous-Le-Vent;Femme;45-49 ans;1 125
2012;Iles Sous-Le-Vent;Femme;50-54 ans;914
2012;Iles Sous-Le-Vent;Femme;55-59 ans;724
2012;Iles Sous-Le-Vent;Femme;60-64 ans;578
2012;Iles Sous-Le-Vent;Femme;65-69 ans;467
2012;Iles Sous-Le-Vent;Femme;70-74 ans;370
2012;Iles Sous-Le-Vent;Femme;75-79 ans;241
2012;Iles Sous-Le-Vent;Femme;80 ans et plus;215
2012;Marquises;Homme;Moins de 5 ans;395
2012;Marquises;Homme;5-9 ans;455
2012;Marquises;Homme;10-14 ans;397
2012;Marquises;Homme;15-19 ans;405
2012;Marquises;Homme;20-24 ans;402
2012;Marquises;Homme;25-29 ans;366
2012;Marquises;Homme;30-34 ans;356
2012;Marquises;Homme;35-39 ans;349
2012;Marquises;Homme;40-44 ans;347
2012;Marquises;Homme;45-49 ans;366
2012;Marquises;Homme;50-54 ans;277
2012;Marquises;Homme;55-59 ans;262
2012;Marquises;Homme;60-64 ans;169
2012;Marquises;Homme;65-69 ans;106
2012;Marquises;Homme;70-74 ans;91
2012;Marquises;Homme;75-79 ans;55
2012;Marquises;Homme;80 ans et plus;39
2012;Marquises;Femme;Moins de 5 ans;451
2012;Marquises;Femme;5-9 ans;394
2012;Marquises;Femme;10-14 ans;437
2012;Marquises;Femme;15-19 ans;348
2012;Marquises;Femme;20-24 ans;373
2012;Marquises;Femme;25-29 ans;380
2012;Marquises;Femme;30-34 ans;308
2012;Marquises;Femme;35-39 ans;286
2012;Marquises;Femme;40-44 ans;308
2012;Marquises;Femme;45-49 ans;277
2012;Marquises;Femme;50-54 ans;244
2012;Marquises;Femme;55-59 ans;181
2012;Marquises;Femme;60-64 ans;146
2012;Marquises;Femme;65-69 ans;95
2012;Marquises;Femme;70-74 ans;87
2012;Marquises;Femme;75-79 ans;63
2012;Marquises;Femme;80 ans et plus;46
2012;Australes;Homme;Moins de 5 ans;281
2012;Australes;Homme;5-9 ans;316
2012;Australes;Homme;10-14 ans;349
2012;Australes;Homme;15-19 ans;266
2012;Australes;Homme;20-24 ans;344
2012;Australes;Homme;25-29 ans;276
2012;Australes;Homme;30-34 ans;210
2012;Australes;Homme;35-39 ans;226
2012;Australes;Homme;40-44 ans;235
2012;Australes;Homme;45-49 ans;236
2012;Australes;Homme;50-54 ans;210
2012;Australes;Homme;55-59 ans;184
2012;Australes;Homme;60-64 ans;130
2012;Australes;Homme;65-69 ans;90
2012;Australes;Homme;70-74 ans;82
2012;Australes;Homme;75-79 ans;58
2012;Australes;Homme;80 ans et plus;37
2012;Australes;Femme;Moins de 5 ans;293
2012;Australes;Femme;5-9 ans;291
2012;Australes;Femme;10-14 ans;321
2012;Australes;Femme;15-19 ans;224
2012;Australes;Femme;20-24 ans;254
2012;Australes;Femme;25-29 ans;260
2012;Australes;Femme;30-34 ans;216
2012;Australes;Femme;35-39 ans;221
2012;Australes;Femme;40-44 ans;255
2012;Australes;Femme;45-49 ans;214
2012;Australes;Femme;50-54 ans;173
2012;Australes;Femme;55-59 ans;167
2012;Australes;Femme;60-64 ans;103
2012;Australes;Femme;65-69 ans;100
2012;Australes;Femme;70-74 ans;82
2012;Australes;Femme;75-79 ans;57
2012;Australes;Femme;80 ans et plus;59
2012;Tuamotu-Gambier;Homme;Moins de 5 ans;662
2012;Tuamotu-Gambier;Homme;5-9 ans;768
2012;Tuamotu-Gambier;Homme;10-14 ans;830
2012;Tuamotu-Gambier;Homme;15-19 ans;782
2012;Tuamotu-Gambier;Homme;20-24 ans;832
2012;Tuamotu-Gambier;Homme;25-29 ans;847
2012;Tuamotu-Gambier;Homme;30-34 ans;713
2012;Tuamotu-Gambier;Homme;35-39 ans;711
2012;Tuamotu-Gambier;Homme;40-44 ans;711
2012;Tuamotu-Gambier;Homme;45-49 ans;574
2012;Tuamotu-Gambier;Homme;50-54 ans;454
2012;Tuamotu-Gambier;Homme;55-59 ans;395
2012;Tuamotu-Gambier;Homme;60-64 ans;241
2012;Tuamotu-Gambier;Homme;65-69 ans;206
2012;Tuamotu-Gambier;Homme;70-74 ans;182
2012;Tuamotu-Gambier;Homme;75-79 ans;77
2012;Tuamotu-Gambier;Homme;80 ans et plus;46
2012;Tuamotu-Gambier;Femme;Moins de 5 ans;659
2012;Tuamotu-Gambier;Femme;5-9 ans;764
2012;Tuamotu-Gambier;Femme;10-14 ans;721
2012;Tuamotu-Gambier;Femme;15-19 ans;656
2012;Tuamotu-Gambier;Femme;20-24 ans;685
2012;Tuamotu-Gambier;Femme;25-29 ans;753
2012;Tuamotu-Gambier;Femme;30-34 ans;615
2012;Tuamotu-Gambier;Femme;35-39 ans;574
2012;Tuamotu-Gambier;Femme;40-44 ans;562
2012;Tuamotu-Gambier;Femme;45-49 ans;454
2012;Tuamotu-Gambier;Femme;50-54 ans;379
2012;Tuamotu-Gambier;Femme;55-59 ans;327
2012;Tuamotu-Gambier;Femme;60-64 ans;216
2012;Tuamotu-Gambier;Femme;65-69 ans;176
2012;Tuamotu-Gambier;Femme;70-74 ans;132
2012;Tuamotu-Gambier;Femme;75-79 ans;81
2012;Tuamotu-Gambier;Femme;80 ans et plus;46
2017;Iles Du Vent;Homme;Moins de 5 ans;6 916
2017;Iles Du Vent;Homme;5-9 ans;8 251
2017;Iles Du Vent;Homme;10-14 ans;8 286
2017;Iles Du Vent;Homme;15-19 ans;8 785
2017;Iles Du Vent;Homme;20-24 ans;7 684
2017;Iles Du Vent;Homme;25-29 ans;8 208
2017;Iles Du Vent;Homme;30-34 ans;8 242
2017;Iles Du Vent;Homme;35-39 ans;7 785
2017;Iles Du Vent;Homme;40-44 ans;7 477
2017;Iles Du Vent;Homme;45-49 ans;7 709
2017;Iles Du Vent;Homme;50-54 ans;7 028
2017;Iles Du Vent;Homme;55-59 ans;5 645
2017;Iles Du Vent;Homme;60-64 ans;4 598
2017;Iles Du Vent;Homme;65-69 ans;3 085
2017;Iles Du Vent;Homme;70-74 ans;2 276
2017;Iles Du Vent;Homme;75-79 ans;1 434
2017;Iles Du Vent;Homme;80 ans et plus;1 194
2017;Iles Du Vent;Femme;Moins de 5 ans;6 405
2017;Iles Du Vent;Femme;5-9 ans;7 836
2017;Iles Du Vent;Femme;10-14 ans;7 919
2017;Iles Du Vent;Femme;15-19 ans;8 459
2017;Iles Du Vent;Femme;20-24 ans;7 402
2017;Iles Du Vent;Femme;25-29 ans;8 303
2017;Iles Du Vent;Femme;30-34 ans;8 564
2017;Iles Du Vent;Femme;35-39 ans;7 764
2017;Iles Du Vent;Femme;40-44 ans;7 484
2017;Iles Du Vent;Femme;45-49 ans;7 403
2017;Iles Du Vent;Femme;50-54 ans;6 826
2017;Iles Du Vent;Femme;55-59 ans;5 270
2017;Iles Du Vent;Femme;60-64 ans;4 410
2017;Iles Du Vent;Femme;65-69 ans;3 080
2017;Iles Du Vent;Femme;70-74 ans;2 254
2017;Iles Du Vent;Femme;75-79 ans;1 581
2017;Iles Du Vent;Femme;80 ans et plus;1 770
2017;Iles Sous-Le-Vent;Homme;Moins de 5 ans;1 243
2017;Iles Sous-Le-Vent;Homme;5-9 ans;1 503
2017;Iles Sous-Le-Vent;Homme;10-14 ans;1 451
2017;Iles Sous-Le-Vent;Homme;15-19 ans;1 377
2017;Iles Sous-Le-Vent;Homme;20-24 ans;1 343
2017;Iles Sous-Le-Vent;Homme;25-29 ans;1 416
2017;Iles Sous-Le-Vent;Homme;30-34 ans;1 394
2017;Iles Sous-Le-Vent;Homme;35-39 ans;1 235
2017;Iles Sous-Le-Vent;Homme;40-44 ans;1 299
2017;Iles Sous-Le-Vent;Homme;45-49 ans;1 326
2017;Iles Sous-Le-Vent;Homme;50-54 ans;1 271
2017;Iles Sous-Le-Vent;Homme;55-59 ans;962
2017;Iles Sous-Le-Vent;Homme;60-64 ans;783
2017;Iles Sous-Le-Vent;Homme;65-69 ans;596
2017;Iles Sous-Le-Vent;Homme;70-74 ans;428
2017;Iles Sous-Le-Vent;Homme;75-79 ans;284
2017;Iles Sous-Le-Vent;Homme;80 ans et plus;256
2017;Iles Sous-Le-Vent;Femme;Moins de 5 ans;1 201
2017;Iles Sous-Le-Vent;Femme;5-9 ans;1 446
2017;Iles Sous-Le-Vent;Femme;10-14 ans;1 312
2017;Iles Sous-Le-Vent;Femme;15-19 ans;1 337
2017;Iles Sous-Le-Vent;Femme;20-24 ans;1 283
2017;Iles Sous-Le-Vent;Femme;25-29 ans;1 439
2017;Iles Sous-Le-Vent;Femme;30-34 ans;1 398
2017;Iles Sous-Le-Vent;Femme;35-39 ans;1 212
2017;Iles Sous-Le-Vent;Femme;40-44 ans;1 199
2017;Iles Sous-Le-Vent;Femme;45-49 ans;1 189
2017;Iles Sous-Le-Vent;Femme;50-54 ans;1 092
2017;Iles Sous-Le-Vent;Femme;55-59 ans;888
2017;Iles Sous-Le-Vent;Femme;60-64 ans;701
2017;Iles Sous-Le-Vent;Femme;65-69 ans;509
2017;Iles Sous-Le-Vent;Femme;70-74 ans;421
2017;Iles Sous-Le-Vent;Femme;75-79 ans;306
2017;Iles Sous-Le-Vent;Femme;80 ans et plus;293
2017;Marquises;Homme;Moins de 5 ans;355
2017;Marquises;Homme;5-9 ans;416
2017;Marquises;Homme;10-14 ans;447
2017;Marquises;Homme;15-19 ans;344
2017;Marquises;Homme;20-24 ans;339
2017;Marquises;Homme;25-29 ans;392
2017;Marquises;Homme;30-34 ans;357
2017;Marquises;Homme;35-39 ans;341
2017;Marquises;Homme;40-44 ans;353
2017;Marquises;Homme;45-49 ans;333
2017;Marquises;Homme;50-54 ans;364
2017;Marquises;Homme;55-59 ans;277
2017;Marquises;Homme;60-64 ans;241
2017;Marquises;Homme;65-69 ans;150
2017;Marquises;Homme;70-74 ans;90
2017;Marquises;Homme;75-79 ans;66
2017;Marquises;Homme;80 ans et plus;52
2017;Marquises;Femme;Moins de 5 ans;327
2017;Marquises;Femme;5-9 ans;434
2017;Marquises;Femme;10-14 ans;389
2017;Marquises;Femme;15-19 ans;359
2017;Marquises;Femme;20-24 ans;271
2017;Marquises;Femme;25-29 ans;359
2017;Marquises;Femme;30-34 ans;356
2017;Marquises;Femme;35-39 ans;295
2017;Marquises;Femme;40-44 ans;282
2017;Marquises;Femme;45-49 ans;305
2017;Marquises;Femme;50-54 ans;280
2017;Marquises;Femme;55-59 ans;243
2017;Marquises;Femme;60-64 ans;181
2017;Marquises;Femme;65-69 ans;124
2017;Marquises;Femme;70-74 ans;88
2017;Marquises;Femme;75-79 ans;69
2017;Marquises;Femme;80 ans et plus;67
2017;Australes;Homme;Moins de 5 ans;284
2017;Australes;Homme;5-9 ans;305
2017;Australes;Homme;10-14 ans;313
2017;Australes;Homme;15-19 ans;297
2017;Australes;Homme;20-24 ans;220
2017;Australes;Homme;25-29 ans;281
2017;Australes;Homme;30-34 ans;247
2017;Australes;Homme;35-39 ans;220
2017;Australes;Homme;40-44 ans;231
2017;Australes;Homme;45-49 ans;226
2017;Australes;Homme;50-54 ans;234
2017;Australes;Homme;55-59 ans;213
2017;Australes;Homme;60-64 ans;188
2017;Australes;Homme;65-69 ans;120
2017;Australes;Homme;70-74 ans;82
2017;Australes;Homme;75-79 ans;72
2017;Australes;Homme;80 ans et plus;57
2017;Australes;Femme;Moins de 5 ans;262
2017;Australes;Femme;5-9 ans;311
2017;Australes;Femme;10-14 ans;277
2017;Australes;Femme;15-19 ans;239
2017;Australes;Femme;20-24 ans;215
2017;Australes;Femme;25-29 ans;254
2017;Australes;Femme;30-34 ans;269
2017;Australes;Femme;35-39 ans;217
2017;Australes;Femme;40-44 ans;212
2017;Australes;Femme;45-49 ans;239
2017;Australes;Femme;50-54 ans;206
2017;Australes;Femme;55-59 ans;192
2017;Australes;Femme;60-64 ans;168
2017;Australes;Femme;65-69 ans;106
2017;Australes;Femme;70-74 ans;80
2017;Australes;Femme;75-79 ans;59
2017;Australes;Femme;80 ans et plus;69
2017;Tuamotu-Gambier;Homme;Moins de 5 ans;599
2017;Tuamotu-Gambier;Homme;5-9 ans;694
2017;Tuamotu-Gambier;Homme;10-14 ans;733
2017;Tuamotu-Gambier;Homme;15-19 ans;764
2017;Tuamotu-Gambier;Homme;20-24 ans;706
2017;Tuamotu-Gambier;Homme;25-29 ans;798
2017;Tuamotu-Gambier;Homme;30-34 ans;774
2017;Tuamotu-Gambier;Homme;35-39 ans;644
2017;Tuamotu-Gambier;Homme;40-44 ans;662
2017;Tuamotu-Gambier;Homme;45-49 ans;668
2017;Tuamotu-Gambier;Homme;50-54 ans;539
2017;Tuamotu-Gambier;Homme;55-59 ans;469
2017;Tuamotu-Gambier;Homme;60-64 ans;380
2017;Tuamotu-Gambier;Homme;65-69 ans;209
2017;Tuamotu-Gambier;Homme;70-74 ans;158
2017;Tuamotu-Gambier;Homme;75-79 ans;116
2017;Tuamotu-Gambier;Homme;80 ans et plus;60
2017;Tuamotu-Gambier;Femme;Moins de 5 ans;581
2017;Tuamotu-Gambier;Femme;5-9 ans;657
2017;Tuamotu-Gambier;Femme;10-14 ans;689
2017;Tuamotu-Gambier;Femme;15-19 ans;628
2017;Tuamotu-Gambier;Femme;20-24 ans;627
2017;Tuamotu-Gambier;Femme;25-29 ans;716
2017;Tuamotu-Gambier;Femme;30-34 ans;703
2017;Tuamotu-Gambier;Femme;35-39 ans;604
2017;Tuamotu-Gambier;Femme;40-44 ans;581
2017;Tuamotu-Gambier;Femme;45-49 ans;493
2017;Tuamotu-Gambier;Femme;50-54 ans;460
2017;Tuamotu-Gambier;Femme;55-59 ans;355
2017;Tuamotu-Gambier;Femme;60-64 ans;323
2017;Tuamotu-Gambier;Femme;65-69 ans;186
2017;Tuamotu-Gambier;Femme;70-74 ans;148
2017;Tuamotu-Gambier;Femme;75-79 ans;92
2017;Tuamotu-Gambier;Femme;80 ans et plus;65
